0,300000,«Наёмники блокчейна» — как ими становятся?,"['Dash', 'блокчейн', 'криптовалюта', 'управление', '\n                Фриланс\n              ', '\n                Венчурные инвестиции\n              ']",data\habr/post__300000.txt
1,300002,Динамичность должна быть безопасной,"['стартапы', 'программы', 'разработка программного обеспечения', 'стволовая разработка', 'микросервис', 'выключатели характеристик', '\n                Управление проектами\n              ', '\n                Управление продуктом\n              ']",data\habr/post__300002.txt
2,300004,Издательства выступают против блокировщика рекламы в браузере Brave от бывшего CEO Mozilla,"['mozilla', 'Brave', 'блокировщики рекламы', 'судебное разбирательство', '\n                Законодательство в IT\n              ']",data\habr/post__300004.txt
3,300006,"Выход из зоны комфорта, как новая бизнес-модель","['бизнес-модель', 'it', 'стартап', 'интернет', '\n                Карьера в IT-индустрии\n              ', '\n                Бизнес-модели\n              ']",data\habr/post__300006.txt
4,300008,«Уберизация» поможет российскому рынку рекрутинга преодолеть 25-летний застой,"['mail.ru group', 'headhunter', 'российский рынок', 'рекрутинг', 'uber', 'онлайн-сервисы', 'подбор персонала', '\n                Карьера в IT-индустрии\n              ', '\n                Бизнес-модели\n              ']",data\habr/post__300008.txt
5,300010,Какую рекламу могут посчитать недобросовестной,"['юристы для it', 'недобросовестная реклама', 'уфас', 'войны брендов', '\n                Блог компании Зарцын и партнеры\n              ', '\n                Интернет-маркетинг\n              ']",data\habr/post__300010.txt
6,300012,5 способов повысить эффективность ваших email-рассылок,"['email маркетинг', 'mailhandler', 'conversion', 'email-рассылки', '\n                Growth Hacking\n              ', '\n                Интернет-маркетинг\n              ', '\n                Повышение конверсии\n              ', '\n                Контент-маркетинг\n              ']",data\habr/post__300012.txt
7,300014,Приглашение на конференцию РИФ+КИБ 2016,"['Форум', 'РИФ+КИБ', 'мероприятия', 'конференции', 'Москва', 'выставка', 'технологии', 'дроны', 'развлекательная программа', 'финансы', 'IT', 'PayOnline', '\n                Блог компании PayOnline\n              ', '\n                Конференции\n              ']",data\habr/post__300014.txt
8,300016,5 простых способов сформировать умение понимать эмоции других людей,"['эмоциональный отклик', 'эмоции', 'эмоциональность', 'самоосознанность', 'работа над собой', 'саморазвитие', 'самосовершенствование', 'жизненный курс', 'психология', 'жизненный опыт', 'расстановка приоритетов', 'трудности', 'мудрость', 'мудрые советы', 'советы и рекомендации', 'эмоциональный интеллект', '\n                Блог компании TESTutor\n              ', '\n                GTD\n              ']",data\habr/post__300016.txt
9,300020,Президент НП «Руссофт» обвиняет экспертный совет в необъективности при включении софта в реестр российского ПО,"['импортозамещение', 'софт', 'программное обеспечение', 'закон о преференциях', 'реестр программного обеспечения', 'обвинения', '\n                Законодательство в IT\n              ']",data\habr/post__300020.txt
10,300022,К системе материальной мотивации: грех производных показателей,"['управление персоналом', 'мотивация', 'мотивация сотрудников', 'кпэ', '\n                Блог компании Ultima\n              ', '\n                Управление персоналом\n              ', '\n                Бизнес-модели\n              ']",data\habr/post__300022.txt
11,300024,"Интересные события, произошедшие в выходные","['безопасная динамичность', 'brave', 'блокировка рекламы', 'vr', 'oculus', 'термоядерный реактор', 'грибковые инфекции', 'эвм', 'space-x', '\n                Управление медиа\n              ']",data\habr/post__300024.txt
12,300026,Россия стала абсолютным лидером рынка киберспорта в Европе,"['киберспорт', 'гэмблинг', 'стадион', 'российский рынок', 'европа', 'лидер', 'россия', 'исследования и прогнозы в it', '\n                Бизнес-модели\n              ']",data\habr/post__300026.txt
13,300028,3 свежих рейтинга агентств от Ruward и ситуация по сегментам,"['рейтинг агентств', 'ruward', '\n                Блог компании RUWARD\n              ', '\n                Веб-аналитика\n              ', '\n                Интернет-маркетинг\n              ', '\n                Контекстная реклама\n              ']",data\habr/post__300028.txt
14,300030,Кто умнее – мужчины или женщины? Разбираемся на основе данных патентной статистики,"['изобретение', 'патенты', 'патентование', 'гениальность', 'гении', 'законодательство и ит', '\n                Блог компании ФрешДок\n              ', '\n                Управление проектами\n              ', '\n                Законодательство в IT\n              ', '\n                Патентование\n              ', '\n                Бизнес-модели\n              ']",data\habr/post__300030.txt
15,300032,"Распространенные ловушки, встречающиеся при решении проблем","['проблемы', 'решение проблем', 'проблемы управления', 'управление временем', 'решение задач', 'ловушка', 'самоосознанность', 'саморазвитие', 'работа над собой', 'личная продуктивность', 'личная эффективность', 'мудрость', 'полезные советы', 'примеры', 'логические задачи', '\n                Блог компании MBA Consult\n              ', '\n                GTD\n              ']",data\habr/post__300032.txt
16,300036,Цепочки добавленной стоимости в SAFe,"['SAF', 'HPE', '\n                Блог компании Hewlett Packard Enterprise\n              ', '\n                Управление продуктом\n              ']",data\habr/post__300036.txt
17,300038,Смартфоны наступают,"['byyd', 'mobile', 'mobile first', 'мобильный маркетинг', 'потребительское поведение', 'статистика', 'тренды', '\n                Блог компании BYYD\n              ', '\n                Исследования и прогнозы в IT\n              ']",data\habr/post__300038.txt
18,300040,Афроамериканцы остаются основной аудиторией Tidal,"['tidal', 'jay-z', 'канье уэст', 'стриминговые сервисы', '\n                Монетизация веб-сервисов\n              ']",data\habr/post__300040.txt
19,300042,Тренд или совпадение: российские инвесторы «клонируют» свои фонды и наращивают капитал,"['сбербанк', 'mail.ru group', 'runa capital', 'венчурные фонды', 'инвестиции', 'технологические стартапы', 'buran venture capital', '\n                Венчурные инвестиции\n              ']",data\habr/post__300042.txt
20,300044,Goldman Sachs инвестировал $30 млн в разработчика «когнитивного контента» Persado,"['Persado', 'Goldman Sachs', 'инвестиции', 'нейронные сети', '\n                Финансы в IT\n              ']",data\habr/post__300044.txt
21,300046,"Чем отличаются фриланс, удаленная работа, подряд, аутсорсинг, аутстаффинг и субконтрактация","['2polyglot', 'polyglot', 'startup', 'freelance', 'полиглот', 'работа над собой', 'работа на дому', 'работа вне офиса', 'профессии', 'вид деятельности', '\n                Блог компании SVAM-Systems\n              ', '\n                Управление проектами\n              ', '\n                Фриланс\n              ', '\n                Управление персоналом\n              ', '\n                Карьера в IT-индустрии\n              ']",data\habr/post__300046.txt
22,300048,Didi Kuaidi и Lyft «обменяются» пользователями и выпустят мобильные приложения для туристов,"['Uber', 'Lyft', 'мобильные приложения', 'сервисы такси', 'такси-сервис', 'конкуренция', 'китай', 'didi', 'соглашение', 'запуск проекта', '\n                Монетизация веб-сервисов\n              ']",data\habr/post__300048.txt
23,300050,Впервые в истории российского венчура: фонд «Росинфокоминвест» застраховал руководство от ошибок,"['венчурные инвестиции', 'венчурные фонды', 'российский рынок', 'госкомпании', 'минкомсвязи', 'страхование', 'публичные компании', '\n                Венчурные инвестиции\n              ']",data\habr/post__300050.txt
24,300052,"Методика его, деньги мои","['методика', 'интеллектуальная собственность', 'патентование', 'патент', '\n                Патентование\n              ']",data\habr/post__300052.txt
25,300054,Мы добавили PayPal для оплаты услуг на «Моём круге»,"['мой круг', 'мойкруг', 'moikrug', 'moikrug.ru', 'paypal', 'новости моего круга', '\n                Блог компании Хабр Карьера\n              ']",data\habr/post__300054.txt
26,300056,Правда о путешественниках,"['путешествия', 'путешествовать', 'путь', 'дорога', 'стиль жизни', 'жизнь в радость', 'жизненное', 'образ жизни', 'мысли', 'мысли вслух', 'странствия', 'истина', 'приключения', 'советы', 'впечатления', '\n                Блог компании MBA Consult\n              ', '\n                GTD\n              ']",data\habr/post__300056.txt
27,300058,Бухгалтерия интернет-магазина: инструкция для начинающих,"['бухгалтерия', 'интернет-магазин', 'электронная коммерция', '\n                Блог компании Ecwid\n              ', '\n                Финансы в IT\n              ']",data\habr/post__300058.txt
28,300060,Российский онлайн-кинотеатр впервые выходит на международный рынок с русскими фильмами,"['онлайн-кинотеатры', 'российский рынок', 'интернет-сервис', 'министерство культуры', 'выход на новые рынки', 'megogo', 'tvzavr', '\n                Монетизация веб-сервисов\n              ']",data\habr/post__300060.txt
29,300062,Полномочия менеджера проекта,"['управление проектами', '\n                Управление проектами\n              ']",data\habr/post__300062.txt
30,300064,"9 важнейших правил, о которых нужно помнить при продаже стартапа","['gotech', 'кого хотят корпорации', 'продажа стартапа', 'стартап', '\n                Блог компании GoTech.vc\n              ', '\n                Управление проектами\n              ', '\n                Карьера в IT-индустрии\n              ']",data\habr/post__300064.txt
31,300066,Интернет вещей для бизнес-объектов (часть 2),"['IoT', 'Интернет вещей', 'сеть объектов', 'развитие Интернета', 'информационные коммуникации', '\n                Исследования и прогнозы в IT\n              ', '\n                Учебный процесс в IT\n              ']",data\habr/post__300066.txt
32,300068,О чем хотят знать мировые маркетологи?,"['byyd', 'marketing', 'мобильный маркетинг', 'потребительское поведение', 'тренды', '\n                Блог компании BYYD\n              ', '\n                Интернет-маркетинг\n              ']",data\habr/post__300068.txt
33,300070,Uber и Airbnb уходят в офшоры еще до получения первой прибыли,"['uber', 'airbnb', 'налогообложение', 'налоги', '\n                Финансы в IT\n              ']",data\habr/post__300070.txt
34,300072,Apple обошла ASUS и заняла четвёртое место на рынке ПК,"['asus', 'компьютеры', 'apple', 'lenovo', 'idc', 'аналитика продаж', '\n                Исследования и прогнозы в IT\n              ']",data\habr/post__300072.txt
35,300074,Российские таксисты жалуются на Яндекс и Uber Дмитрию Медведеву,"['такси', 'Яндекс', 'Uber', 'Gett', '\n                Законодательство в IT\n              ', '\n                Бизнес-модели\n              ']",data\habr/post__300074.txt
36,300076,Визуализация цели: эффективный метод или самообман,"['смартпрогресс', 'визуализация цели', 'целеполагание', 'фриланс', 'достичь цели', '\n                Блог компании SmartProgress\n              ', '\n                Управление проектами\n              ', '\n                GTD\n              ', '\n                Фриланс\n              ']",data\habr/post__300076.txt
37,300078,Наша модель мотивации персонала,"['корпоративная социальная сеть', 'корпоративный портал', 'мотивация сотрудников', 'управление персоналом', '\n                Блог компании Супереон\n              ', '\n                Управление сообществом\n              ', '\n                Управление продуктом\n              ', '\n                Управление персоналом\n              ']",data\habr/post__300078.txt
38,300080,"Повальный гнев, или Почему мы наслаждаемся гневом?","['гнев', 'злость', 'ярость', 'эмоции', 'эмоциональность', 'негативные мысли', 'негатив', 'управление энергией', 'самоосознанность', 'самообладание', 'интернет', 'глобализация', '\n                Блог компании TESTutor\n              ', '\n                GTD\n              ']",data\habr/post__300080.txt
39,300082,Благодаря интернету продажи музыки выросли впервые за 20 лет,"['youtube', 'spotify', 'apple music', 'продажи музыки', 'интернет-сервисы', 'стриминговые сервисы', 'музыкальная индустрия', 'скачать музыку', 'CD', 'потоковое аудио', '\n                Монетизация веб-сервисов\n              ']",data\habr/post__300082.txt
40,300086,"Мой опыт поиска подработки, или как студенту прожить на одну стипендию","['фриланс биржы', 'первая работа', 'опыт', 'подработка', 'дополнительный доход', '\n                Фриланс\n              ']",data\habr/post__300086.txt
41,300088,Что Марк Цукерберг и компания презентовали на первом дне f8,"['f8', 'Марк Цукерберг', 'facebook', '\n                Конференции\n              ']",data\habr/post__300088.txt
42,300090,Интернет вещей для бизнес-объектов (часть 3),"['IoT', 'Интернет вещей', 'сеть объектов', 'развитие Интернета', 'информационные коммуникации', '\n                Исследования и прогнозы в IT\n              ', '\n                Учебный процесс в IT\n              ']",data\habr/post__300090.txt
43,300092,Пользователи читают текст о вашей компании: Как это происходит на самом деле,"['контент-маркетинг', 'нативная реклама', 'реклама', 'relap', 'тексты', 'текст', 'user experience', '\n                Блог компании Surfingbird\n              ', '\n                Веб-аналитика\n              ', '\n                Интернет-маркетинг\n              ', '\n                Контент-маркетинг\n              ']",data\habr/post__300092.txt
44,300094,Что мы знаем о китах,"['аналитика', 'аналитика приложений', 'монетизация приложений', 'монетизация игр', '\n                Блог компании devtodev\n              ', '\n                Монетизация игр\n              ', '\n                Интернет-маркетинг\n              ', '\n                Аналитика мобильных приложений\n              ']",data\habr/post__300094.txt
45,300096,"Бизнес-персона: ветеран топ-менеджмента Пекка Рантала (экс-Nokia, экс-Rovio)","['angry birds', 'rovio', 'мобильные игры', 'карьерный рост', 'nokia', 'мобильные устройства', 'сокращение штата', 'бизнес-персона', '\n                Монетизация IT-систем\n              ', '\n                Монетизация игр\n              ']",data\habr/post__300096.txt
46,300098,Монетизация мобильных игр. Данные исследования Swrve,"['byyd', 'mobile', 'monetization', 'мобильные игры', 'монетизация', 'потребительское поведение', '\n                Блог компании BYYD\n              ', '\n                Монетизация игр\n              ', '\n                Аналитика мобильных приложений\n              ']",data\habr/post__300098.txt
47,300100,Logitech поглотила производителя акссесуаров Jaybird за $50 млн,"['jaybird', 'Logitech', 'слияния и поглощения', '\n                Бизнес-модели\n              ']",data\habr/post__300100.txt
48,300102,Google выбрала 30 победителей $20 млн гранта для помощи людям с ограниченными возможностями,"['google', 'стартапы', 'инвестиции', 'гранты', '\n                Развитие стартапа\n              ']",data\habr/post__300102.txt
49,300104,"Контент — царь, но контекст — бог","['контент', 'контекст', 'маркетинг', 'реклама', '\n                Управление e-commerce\n              ', '\n                Карьера в IT-индустрии\n              ', '\n                Бизнес-модели\n              ']",data\habr/post__300104.txt
50,300106,"​«Как преуспеть в бизнесе, нарушая все правила» — объясняем книгу Дэна Кеннеди","['саммари', 'makeright', 'бизнес', 'саморазвитие', 'личностный рост', '\n                Блог компании MakeRight\n              ', '\n                Карьера в IT-индустрии\n              ', '\n                Бизнес-модели\n              ']",data\habr/post__300106.txt
51,300108,Бродкастер для MacBook. Старт блога,"['бродкастер', 'mac', 'video', '\n                Блог компании Mac Broadcaster\n              ']",data\habr/post__300108.txt
52,300110,Как легально получать информацию о пользователях сайта из их соц. сетей,"['социальные сети', 'информация о пользователях', 'автоматизация', '\n                Блог компании Carrot quest\n              ', '\n                Growth Hacking\n              ', '\n                Интернет-маркетинг\n              ', '\n                Контент-маркетинг\n              ']",data\habr/post__300110.txt
53,300112,"Почему я люблю уродливые, небрежные интерфейсы — и вы, вероятно, тоже","['Дизайн', 'Интерфейсы', '\n                Читальный зал\n              ']",data\habr/post__300112.txt
54,300114,Как создавались и монетизировались три самых популярных развлекательных портала в России,"['монетизация интернет-проектов', 'развлекательный контент', 'сайты', 'заработок в интернете', 'онлайн-сми', 'реклама в интернете', '\n                Монетизация веб-сервисов\n              ', '\n                Интернет-маркетинг\n              ', '\n                Контекстная реклама\n              ']",data\habr/post__300114.txt
55,300116,Как вывести Saas-сервис на внешний рынок: 6 полезных советов,"['saas сервисы', 'выход на зарубежный рынок', 'советы', 'ringostat', 'коллтрекинг', 'call tracking', '\n                Блог компании Ringostat\n              ', '\n                Управление проектами\n              ', '\n                Управление продуктом\n              ', '\n                Управление продажами\n              ']",data\habr/post__300116.txt
56,300118,Forbes 2016: в рейтинге 200 самых богатых бизнесменов России появилось два «новичка» из IT-отрасли,"['рейтинг', 'forbes', 'богатейшие предприниматели', 'павел дуров', 'бизнемены', 'капитал', 'вконтакте', 'telegram', 'яндекс', 'ibs group', '\n                Исследования и прогнозы в IT\n              ', '\n                Финансы в IT\n              ']",data\habr/post__300118.txt
57,300120,Relap.io — отзывы: 5 медиаплощадок Рунета о работе с рекомендательным сервисом,"['relap', 'отзывы', 'медиа', 'сми', 'рекомендательные системы', 'нативная реклама', 'заработок', '\n                Блог компании Surfingbird\n              ', '\n                Веб-аналитика\n              ', '\n                Монетизация веб-сервисов\n              ', '\n                Повышение конверсии\n              ', '\n                Управление медиа\n              ']",data\habr/post__300120.txt
58,300124,Сервис по проверке личности пользователей Onfido получил $25 млн инвестиций,"['Onfido', 'стартапы', 'инвестиции в стартапы', 'airbnb', '\n                Венчурные инвестиции\n              ']",data\habr/post__300124.txt
59,300126,Западня для медицинских стартапов,"['стартапы', 'GVA', 'gvalg', 'gvalaunchgurus', 'стартапы; команда; опыт', '\n                Блог компании GVA\n              ', '\n                Венчурные инвестиции\n              ', '\n                Бизнес-модели\n              ']",data\habr/post__300126.txt
60,300128,"Заседание продолжается: Google все-таки «объяснит» российским властям, как работает экосистема Android","['google', 'яндекс', 'антимонопольное законодательство', 'фас', 'android', 'предустановленные сервисы', 'рынок смартфонов', 'судебное разбирательство', '\n                Законодательство в IT\n              ']",data\habr/post__300128.txt
61,300130,Сооснователь Cruise неправомерно требует $500 млн за свою долю при сделке с General Motors,"['cruise automation', 'general motors', 'слияния и поглощения', 'судебные разбирательства', 'судебные иски', '\n                Законодательство в IT\n              ']",data\habr/post__300130.txt
62,300132,VLOG программиста о программировании и жизни в Германии,"['vlog', 'влог', 'германия', 'эммиграция', '\n                Карьера в IT-индустрии\n              ']",data\habr/post__300132.txt
63,300134,Facebook наняла бывшего директора агентства передовых оборонных исследовательских проектов Регину Дуган,"['регина дуган', 'карьера в it', 'darpa', 'google', '\n                Карьера в IT-индустрии\n              ']",data\habr/post__300134.txt
64,300136,Бродкастер для MacBook. После F8,"['бродкастер', 'mac', 'facebook', 'live streaming', '\n                Блог компании Mac Broadcaster\n              ']",data\habr/post__300136.txt
65,300140,3 шаблона для follow up писем после собеседования,"['карьера', 'работа', 'поиск работы', 'собеседование', 'сопроводительное письмо', 'построение карьеры', 'резюме', 'письма', 'email', '\n                Блог компании icanchoose.ru\n              ', '\n                Карьера в IT-индустрии\n              ']",data\habr/post__300140.txt
66,300142,Много шума из ничего: корпоративная пресса и рекламные каталоги не могут найти себе места в законе «О СМИ»,"['закон о сми', 'поправки к законам', 'законопроекты', 'роскомнадзор', 'иностранный капитал', 'корпоративные издания', 'рекламные каталоги', '\n                Законодательство в IT\n              ']",data\habr/post__300142.txt
67,300144,Акционеры не поделили Vimpelcom Ltd,"['vimpelcom ltd', 'вымпелком', 'Hutchison Whampoa', 'letterone', 'telenor', 'акции', 'контрольный пакет акций', 'передел', 'миноритарии', '\n                Финансы в IT\n              ']",data\habr/post__300144.txt
68,300146,Uber прошёл точку безубыточности в США и Канаде,"['uber', 'lyft', 'прибыльность', 'поездки', '\n                Монетизация мобильных приложений\n              ']",data\habr/post__300146.txt
69,300148,Как проходит рабочий день аккаунт-менеджера,"['аккаунт', 'рабочий процесс', '\n                Блог компании Kokoc Group\n              ', '\n                Управление проектами\n              ', '\n                Карьера в IT-индустрии\n              ']",data\habr/post__300148.txt
70,300152,Завершилось онлайн интервью с Сергеем Юрловым,"['Канопус', 'Canopus', 'Advapay', 'интервью', '\n                Блог компании Advapay\n              ']",data\habr/post__300152.txt
71,300154,11 шагов к хорошему интернет-магазину. Сегментируйте предложение,"['ui/ux', 'интернет-маркетинг', 'интернет-магазин', 'интернет-торговля', 'сегментация', '\n                GTD\n              ', '\n                Управление e-commerce\n              ']",data\habr/post__300154.txt
72,300156,Apple может ввести платное размещение приложений в поиске App Store,"['app store', 'apple', 'приложения', '\n                Бизнес-модели\n              ']",data\habr/post__300156.txt
73,300160,Китай занял второе место по доходам с iOS в мире,"['app store', 'appannie', 'google play', 'китайский рынок', '\n                Монетизация игр\n              ', '\n                Аналитика мобильных приложений\n              ']",data\habr/post__300160.txt
74,300162,"Всё, что в области инфотехнологий говорят о маркетинге, не имеет отношения к действительности","['маркетинг', 'контент', 'контекст', 'контентный маркетинг', 'вовлекающий маркетинг', 'интернет-маркетинг', 'традиционный маркетинг', 'реклама', '\n                Интернет-маркетинг\n              ', '\n                Медийная реклама\n              ', '\n                Контекстная реклама\n              ', '\n                Контент-маркетинг\n              ', '\n                Брендинг\n              ']",data\habr/post__300162.txt
75,300164,Интернет вещей для бизнес-объектов (часть 4),"['IoT', 'Интернет вещей', 'сеть объектов', 'развитие Интернета', 'информационные коммуникации', '\n                Исследования и прогнозы в IT\n              ', '\n                Учебный процесс в IT\n              ']",data\habr/post__300164.txt
76,300166,Интернет вещей для бизнес-объектов (часть 5),"['IoT', 'Интернет вещей', 'сеть объектов', 'развитие Интернета', 'информационные коммуникации', '\n                Исследования и прогнозы в IT\n              ', '\n                Учебный процесс в IT\n              ']",data\habr/post__300166.txt
77,300168,Интернет вещей для бизнес-объектов (часть 6),"['IoT', 'Интернет вещей', 'сеть объектов', 'развитие Интернета', 'информационные коммуникации', '\n                Исследования и прогнозы в IT\n              ', '\n                Учебный процесс в IT\n              ']",data\habr/post__300168.txt
78,300170,Интернет вещей для бизнес-объектов (часть 7),"['IoT', 'Интернет вещей', 'сеть объектов', 'развитие Интернета', 'информационные коммуникации', '\n                Исследования и прогнозы в IT\n              ', '\n                Учебный процесс в IT\n              ']",data\habr/post__300170.txt
79,300172,Кадровые перестановки в крупнейших ИТ- и медиакомпаниях России и мира за две недели,"['кадры', 'компании', 'увольнения', 'кадровые перестановки', 'facebook', 'маркетинг', 'google', 'mail.ru group', '\n                Управление персоналом\n              ', '\n                Карьера в IT-индустрии\n              ']",data\habr/post__300172.txt
80,300174,Все что нужно для малого бизнеса: офис в кармане,"['виртуальная атс', 'телефония', 'телекоммуникации', '\n                Блог компании IPtelefon\n              ', '\n                Монетизация IT-систем\n              ']",data\habr/post__300174.txt
81,300176,"Откуда берутся негативные отзывы о Callbackhunter и его аналогах – компаниях, предлагающих обратный звонок с сайта","['колбекхантер', 'обратный звонок с сайта', 'обзор аналогов колбекхантер', 'обзор обратных звонков с сайта', 'callbackhunter', 'callbackrating', 'рейтинг обратных звонков с сайта', 'рейтинг аналогов callbackhunter', '\n                Блог компании CallBackRating\n              ', '\n                Веб-аналитика\n              ', '\n                Интернет-маркетинг\n              ', '\n                Повышение конверсии\n              ', '\n                Контент-маркетинг\n              ']",data\habr/post__300176.txt
82,300178,Комитет Госдумы по информационной политике рекомендовал принять в первом чтении законопроект о новостных агрегаторах,"['яндекс', 'новостные сайты', 'закон о сми', 'поправки к законам', 'российский интернет', 'агрегация новостей', 'законопроекты', 'роскомнадзор', '\n                Управление медиа\n              ']",data\habr/post__300178.txt
83,300182,"15 людей, которые доказывают, что вам не придется просыпаться рано, чтобы быть успешным","['самоосознанность', 'самооценка', 'работа над собой', 'саморазвитие', 'самосовершенствование', 'жизненный курс', 'психология', 'жизненный опыт', 'расстановка приоритетов', 'трудности', 'мудрость', 'мудрые советы', 'советы и рекомендации', '\n                Блог компании TESTutor\n              ', '\n                GTD\n              ']",data\habr/post__300182.txt
84,300184,Почему Yahoo! выгодно водить за нос потенциальных покупателей,"['yahoo!', 'продажа бизнеса', 'смена стратегии', 'слияния и поглощения', 'марисса майер', 'потенциальный покупатель', 'конфликт интересов', '\n                Монетизация веб-сервисов\n              ']",data\habr/post__300184.txt
85,300186,Как мы логотип за 300 рублей по всему миру заказывали,"['лого', 'дизайн', 'фриланс', 'тракторист', '\n                Блог компании Логомашина\n              ', '\n                Фриланс\n              ']",data\habr/post__300186.txt
86,300188,Email-рассылка для B2B: основные принципы создания эффективных писем,"['рассылка', 'email маркетинг', 'b2b', '\n                Блог компании SendPulse\n              ', '\n                Интернет-маркетинг\n              ', '\n                Контент-маркетинг\n              ', '\n                Email-маркетинг\n              ']",data\habr/post__300188.txt
87,300190,Реклама в Instagram руководство для начинающего,"['реклама в instagram', 'инстаграм', 'instagram', 'реклама в социальных сетях', '\n                Блог компании Ямбокс\n              ', '\n                Интернет-маркетинг\n              ', '\n                Управление медиа\n              ']",data\habr/post__300190.txt
88,300192,"Интересные события, произошедшие в выходные","['маркетинг', 'агрегаторы', 'закон', 'кадровые перестановки', 'доходность appstore', 'uber', 'вымпелком', 'чернобыльская аэс', 'царь-колокол', 'нейросеть', 'отток игроков', '\n                Управление медиа\n              ']",data\habr/post__300192.txt
89,300194,Зачем ЦБ разрабатывает законопроект о регулировании рынка P2P-кредитования и краудвестинга,"['центробанк', 'регулирование', 'p2p-кредитование', 'краудвестинг', 'инвестирование', 'законопроект', '\n                Законодательство в IT\n              ']",data\habr/post__300194.txt
90,300196,Где искать клиентов? Три шага: как вашим партнером может стать Сбербанк,"['учет рабочего времени сотрудников', 'сбербанк', '\n                Блог компании Workly\n              ', '\n                Управление продажами\n              ']",data\habr/post__300196.txt
91,300198,6 бесплатных бизнес-курсов как альтернатива MBA,"['образование', 'курсы', 'mba', 'работа', 'резюме', 'карьера', '\n                Блог компании icanchoose.ru\n              ', '\n                Учебный процесс в IT\n              ', '\n                Образование за рубежом\n              ']",data\habr/post__300198.txt
92,300200,"Подружитесь со своим страхом: он важнее, чем вы думаете","['страх', 'страхи', 'работа над собой', 'работать с умом', 'самоосознанность', 'жизненный опыт', 'жизненный успех', 'жизнь', 'размышление', 'мысли', 'мысли вслух', 'психология', 'психология успеха', 'убеждения', 'установка цели', '\n                Блог компании MBA Consult\n              ', '\n                GTD\n              ']",data\habr/post__300200.txt
93,300202,"7 ошибок, которые совершают кандидаты в социальных сетях","['резюме', 'карьера', 'работа', 'сопроводительные письма', 'поиск работы', 'смена работы', 'работа в it', 'социальные медиа', 'социальный рекрутинг', '\n                Блог компании icanchoose.ru\n              ', '\n                Карьера в IT-индустрии\n              ']",data\habr/post__300202.txt
94,300204,У вас «скучный» бизнес? Ошибаетесь,"['advertizing', 'byyd', 'mobile', 'mobile video', 'programmatic', 'мобильный маркетинг', 'потребительское поведение', 'советы', '\n                Блог компании BYYD\n              ', '\n                Контент-маркетинг\n              ', '\n                Аналитика мобильных приложений\n              ']",data\habr/post__300204.txt
95,300206,Интернет-издания находятся на стадии борьбы за рекламодателей и трафик,"['издания', 'реклама', 'facebook', 'социальные сети', '\n                Монетизация веб-сервисов\n              ']",data\habr/post__300206.txt
96,300208,Amazon добавляет ежемесячную подписку для Prime и Prime Video,"['Amazon Prime', 'Prime video', 'prime', '\n                Бизнес-модели\n              ']",data\habr/post__300208.txt
97,300210,30+ кейсов: как скорость сайта влияет на конверсию,"['ускорение сайта', 'a/b-тестирование', 'время ответа сервера', 'конверсия', 'показатель отказов', 'google', 'mozilla', 'bing', 'walmart', 'autoanything', 'facebook', 'amazon', 'yahoo', 'manicurshop', 'aol', 'icttrainingen', 'shopzilla', 'glassesdirect', 'strangeloop', 'portent', 'soasta', 'kyle rush', 'compuware', 'etsy', 'hotmail', 'gomez', 'edmunds', 'staples', 'intuit', '\n                Интернет-маркетинг\n              ']",data\habr/post__300210.txt
98,300212,Клиентский портал или 4 ключевых задачи сервисного бизнеса,"['help desk', 'service desk', 'customer support', 'customer service', 'тикет система', '\n                Блог компании Okdesk\n              ', '\n                Help Desk Software\n              ', '\n                CRM-системы\n              ', '\n                Управление проектами\n              ', '\n                Управление продажами\n              ']",data\habr/post__300212.txt
99,300214,"Как работают профессионалы. Виталий Виноградов, CEO Ticketland.ru","['как работают профессионалы', 'виталий виноградов', 'ticketland', '\n                Управление продуктом\n              ', '\n                Управление продажами\n              ', '\n                Карьера в IT-индустрии\n              ']",data\habr/post__300214.txt
100,300216,У e-commerce на посылках: «Почте России» за два года вновь удалось занять половину посылочного рынка,"['финансовые результаты', 'почта россии', 'выручка', 'чистая прибыль', 'монополия', 'российский рынок', 'доставка товаров', '\n                Бизнес-модели\n              ']",data\habr/post__300216.txt
101,300218,Медицина в ногу со временем: в ИТ-парке запускается HealthCareAccelerator,"['ит-парк', 'it park', 'accelerator', 'акселератор стартапов', 'health', 'медицинское по', '\n                Блог компании ГАУ «ИТ-Парк»\n              ', '\n                Управление продуктом\n              ']",data\habr/post__300218.txt
102,300220,"Познакомьтесь с человеком, превращающим Goldman Sachs в «совершенную» машину","['финансы', 'банки', 'автоматизация банков', 'Goldman Sachs', 'инфотехнологии', '\n                Карьера в IT-индустрии\n              ', '\n                Бизнес-модели\n              ']",data\habr/post__300220.txt
103,300222,ИТ-зависимость: Alibaba и Sinopec намерены создать промышленный аналог крупнейшей в Китае ecommerce-площадки Taobao,"['alibaba', 'ecommerce', 'промышленность', 'интернет-торговля', 'taobao', 'электронная коммерция', 'китайские компании', '\n                Управление e-commerce\n              ', '\n                Бизнес-модели\n              ']",data\habr/post__300222.txt
104,300224,"Система материальной мотивации: КПЭ, отвечающие на главный вопрос Жизни, Вселенной и вообще","['мотивация сотрудников', 'кпэ', 'управление персоналом', '\n                Блог компании Ultima\n              ', '\n                Управление персоналом\n              ', '\n                Бизнес-модели\n              ']",data\habr/post__300224.txt
105,300226,"Преодоление трудовых марафонов: 3-шаговый метод повышения производительности, позволяющий избежать работы по ночам","['продуктивность', 'личная эффективность', 'продуктивность на работе', 'продуктивная деятельность', 'продуктивный день', 'техника помидора', 'техники принятия решений', 'тайм-менеджмент', 'тайм-киллеры', '\n                Блог компании TESTutor\n              ', '\n                GTD\n              ']",data\habr/post__300226.txt
106,300228,Как измерить эффективность команды поддержки. Часть 2,"['служба поддержки', 'хелпдеск', '\n                Блог компании Usedesk\n              ']",data\habr/post__300228.txt
107,300230,Hackaton_weekend | Страх и ненависть в Ставрополе,"['iOS', 'хакатон', 'hackathon', 'objective-c', 'swift', 'php', 'командная работа', 'стартапы; команда; опыт', 'родина', '\n                Блог компании WITHME\n              ']",data\habr/post__300230.txt
108,300234,Как управлять гигантами: правила формирования команды и построения процессов в веб-разработке,"['agima', 'project management', '\n                Блог компании Агентство AGIMA\n              ', '\n                Управление проектами\n              ', '\n                Управление продуктом\n              ']",data\habr/post__300234.txt
109,300236,"Одно письмо, которое заменит сотни отправленных резюме","['карьера', 'работа', 'резюме', 'письмо', 'сопроводительное письмо', 'поиск работы', 'email-маркетинг', '\n                Блог компании icanchoose.ru\n              ', '\n                Карьера в IT-индустрии\n              ']",data\habr/post__300236.txt
110,300238,Основатель WildTangent Алекс Сент-Джон: создание видеоигр — это не работа,"['Алекс Сент-Джон', 'карьера в it', 'игровая индустрия', '\n                Карьера в IT-индустрии\n              ', '\n                Бизнес-модели\n              ']",data\habr/post__300238.txt
111,300242,25 советов по усовершенствованию ваших мобильных приложений и сайтов (часть 1 из 2),"['маркетинг', 'приложения', 'ux/ui', 'мобильная разработка', '\n                Блог компании Ямбокс\n              ', '\n                Интернет-маркетинг\n              ', '\n                Аналитика мобильных приложений\n              ', '\n                Управление медиа\n              ']",data\habr/post__300242.txt
112,300244,"Стив Возняк, Ричард Брэнсон и Никола Мендельсон отберут лучшие стартапы в Talent Unleashed Awards","['стив возняк', 'ричард брэнсон', 'Talent Unleashed Awards', '\n                Конференции\n              ']",data\habr/post__300244.txt
113,300246,Экономика приложений удвоится до $101 млрд к 2020 году,"['byyd', 'mobile', 'mobile video', 'мобильный маркетинг', 'мобильный программатик', 'монетизация', 'потребительское поведение', '\n                Блог компании BYYD\n              ', '\n                Монетизация игр\n              ', '\n                Аналитика мобильных приложений\n              ']",data\habr/post__300246.txt
114,300248,25 советов по усовершенствованию ваших мобильных приложений и сайтов (часть 2 из 2),"['маркетинг', 'приложения', 'ux/ui', 'мобильная разработка', '\n                Блог компании Ямбокс\n              ', '\n                Интернет-маркетинг\n              ', '\n                Повышение конверсии\n              ', '\n                Управление медиа\n              ']",data\habr/post__300248.txt
115,300250,Новая законодательная инициатива Минтранса РФ вставляет палки в колеса такси-сервисам,"['uber', 'gett', 'яндекс.такси', 'таксомоторные компании', 'такси-сервис', 'агрегатор', 'поправки к законам', 'законопроекты', '\n                Законодательство в IT\n              ', '\n                Бизнес-модели\n              ']",data\habr/post__300250.txt
116,300252,"Как решать проблемы во сне, практические советы","['сон', 'советы', 'логомашина', 'продуктивная деятельность', 'психология', 'мозг', '\n                Блог компании Логомашина\n              ', '\n                Контент-маркетинг\n              ']",data\habr/post__300252.txt
117,300254,Чем должно отличаться резюме от вашего профиля в LinkedIn,"['карьера', 'работа', 'социальные сети', 'резюме', 'поиск работы', 'создание резюме', 'написание писем', '\n                Блог компании icanchoose.ru\n              ', '\n                Карьера в IT-индустрии\n              ']",data\habr/post__300254.txt
118,300258,6 причин вашей усталости,"['эффективность работы', 'усталость', 'бодрость', 'офис', '\n                Блог компании Логомашина\n              ']",data\habr/post__300258.txt
119,300260,Выбор оптимального вида интернет трафика для проведения брендовой рекламной кампании,"['реклама', 'реклама в интернете', 'реклама в социальных сетях', '\n                Медийная реклама\n              ', '\n                Контекстная реклама\n              ', '\n                Брендинг\n              ']",data\habr/post__300260.txt
120,300262,"Получив $120 млн инвестиций, Cabify сможет конкурировать с Uber в Латинской Америке","['Uber', 'Lyft', 'мобильные приложения', 'сервисы такси', 'такси-сервис', 'конкуренция', 'латинская америка', 'инвестиции в стартапы', '\n                Венчурные инвестиции\n              ', '\n                Бизнес-модели\n              ']",data\habr/post__300262.txt
121,300264,"5 отговорок, которые мешают исполнить свою мечту","['мечты', 'мечты сбываются', 'мечта', 'отговорки', 'самоосознанность', 'работа над собой', 'саморазвитие', 'самомотивация', 'самоорганизация', 'планирование', 'планирование путешествий', 'планирование времени', 'время', 'сомнения', '\n                Блог компании MBA Consult\n              ', '\n                GTD\n              ']",data\habr/post__300264.txt
122,300266,Google доигралась в «монополию»: Еврокомиссия дала ход делу о распространении Android OS,"['google', 'еврокомиссия', 'судебные разбирательства', 'нарушение законодательства', 'антимонопольное законодательство', '\n                Законодательство в IT\n              ']",data\habr/post__300266.txt
123,300268,Как писать заголовки посадочных страниц под разные сегменты аудитории,"['посадочные страницы', 'лендинги', 'landing page', 'заголовки 4u', 'заголовки посадочных страниц', 'сегментация целевой аудитории', '\n                Блог компании Yagla\n              ', '\n                Интернет-маркетинг\n              ', '\n                Контекстная реклама\n              ', '\n                Контент-маркетинг\n              ', '\n                Управление медиа\n              ']",data\habr/post__300268.txt
124,300270,Источник бесплатных идей для стартапов,"['стартапы', '\n                Блог компании Hewlett Packard Enterprise\n              ', '\n                Бизнес-модели\n              ']",data\habr/post__300270.txt
125,300274,Intel сокращает 12 000 сотрудников и проводит реструктуризацию,"['intel', 'сокращения штата', 'управление персоналом', 'управление командой', '\n                Управление проектами\n              ']",data\habr/post__300274.txt
126,300276,Google Chrome преодолел отметку в 1 миллиард активных пользователей на мобильных устройствах,"['chrome', 'google', 'android', 'браузеры', 'мобильные приложения', '\n                Аналитика мобильных приложений\n              ']",data\habr/post__300276.txt
127,300278,"Заметки фенолога, советника по маркетингу и смысл жизни автоматизации в непривычных сегментах","['договоры', 'реклама', 'контент-маркетинг', 'размышления', '\n                Блог компании ФрешДок\n              ', '\n                Интернет-маркетинг\n              ']",data\habr/post__300278.txt
128,300280,"ЦРУ инвестирует в компании, вскрывающие ваши твиты и фото в Инстаграме","['ЦРУ', 'инвестиции', 'социальные сети', 'анализ социальных сетей', 'массивы данных', 'Твиттер', 'Фейсбук', 'Инстаграм', '\n                Веб-аналитика\n              ', '\n                Управление медиа\n              ']",data\habr/post__300280.txt
129,300282,Рейтинг «50 главных технологических компаний России» впервые возглавили интернет-компании,"['mail.ru group', 'яндекс', 'рейтинг', 'технологические компании', 'российский рынок', 'финансовые результаты', 'ростех', '\n                Исследования и прогнозы в IT\n              ']",data\habr/post__300282.txt
130,300284,NGINX получил $8 млн и нового участника совета директоров,"['nginx', 'telstra', 'инвестиции', '\n                Финансы в IT\n              ']",data\habr/post__300284.txt
131,300286,«ВКонтакте» стала самым быстрорастущим активом Mail.ru и «крупнейшим мессенджером в России»,"['вконтакте', 'мессенджеры', 'рост аудитории', 'финансовые результаты', 'mail.ru group', 'крупнейшие компании', 'российский рынок', '\n                Монетизация веб-сервисов\n              ']",data\habr/post__300286.txt
132,300288,Кому-то многовато или как метод кайдзен на мою работу повлиял,"['кайдзен', 'фриланс', 'смартпрогресс', 'эффективность работы', 'личная продуктивность', 'достижение цели', '\n                Блог компании SmartProgress\n              ', '\n                Управление проектами\n              ', '\n                GTD\n              ', '\n                Фриланс\n              ']",data\habr/post__300288.txt
133,300290,Нативная реклама VS реклама баннерная: узнаваемость бренда или голосование кошельком,"['нативная реклама', 'PR-интеграция', 'фармакология', 'фармацевтические компании', 'лекарства', '\n                Медийная реклама\n              ']",data\habr/post__300290.txt
134,300292,Money20/20 Europe 2016: Обзор конференции,"['Money20/20 Europe', 'конференция', 'форум', 'FinTech', 'новости', 'тренды', 'разработка', 'блокчейн', 'платежные решения', 'интеграция', 'PayOnline', '\n                Блог компании PayOnline\n              ', '\n                Конференции\n              ']",data\habr/post__300292.txt
135,300296,"Apple выплатила очередному патентному троллю $24,9 млн","['siri', 'патенты', 'судебные разбирательства', 'судебные иски', '\n                Законодательство в IT\n              ']",data\habr/post__300296.txt
136,300298,Eset наращивает выручку в СНГ благодаря сотрудничеству с операторами мобильной связи,"['антивирусное по', 'операторы связи', 'мобильная разработка', 'сотрудничество', 'выручка', 'финансовые результаты', '\n                Монетизация IT-систем\n              ']",data\habr/post__300298.txt
137,300300,Как удержать ценных пользователей? Инструкция для mobile apps-разработчиков,"['byyd', 'mobile', 'mobile apps', 'programmatic', 'мобильный маркетинг', 'монетизация', 'потребительское поведение', '\n                Блог компании BYYD\n              ', '\n                Монетизация IT-систем\n              ', '\n                Контент-маркетинг\n              ', '\n                Аналитика мобильных приложений\n              ']",data\habr/post__300300.txt
138,300302,Сервис микроинвестиций Acorns получил $30 млн инвестиций от PayPal,"['Acorns', 'инвестиции в стартапы', 'инвестиции', 'paypal', '\n                Финансы в IT\n              ']",data\habr/post__300302.txt
139,300304,"Бен Зильберман: важно идти вперёд, пока это возможно","['pinterest', 'бен зильберман', 'стартапы', '\n                Бизнес-модели\n              ']",data\habr/post__300304.txt
140,300306,11 шагов к хорошему интернет-магазину. Сопутствующие товары,"['ui/ux', 'интернет-магазин', 'сопутствующие товары', 'интернет-маркетинг', '\n                GTD\n              ', '\n                Управление e-commerce\n              ']",data\habr/post__300306.txt
141,300310,Выше головы: финансовые результаты компаний Alphabet и Microsoft не оправдали ожиданий аналитиков,"['alphabet', 'microsoft', 'google', 'финансовые результаты', 'котировки акций', 'выручка', 'прибыль', 'прогнозы', 'падение котировок', '\n                Финансы в IT\n              ']",data\habr/post__300310.txt
142,300312,Минкомсвязи предлагает вкладывать в новый фонд развития ИТ по 5 млрд рублей каждый год,"['импортозамещение по', 'минкомсвязи', 'минэкономразвития', 'антикризисные меры', 'поддержка предпринимательства', 'субсидии', '\n                Законодательство в IT\n              ']",data\habr/post__300312.txt
143,300314,Создание быстрорастущего стартапа в традиционно инерционной отрасли промышленности,"['стартап', 'грузоперевозки', 'логистика', 'венчурные инвестиции', 'управление персоналом', '\n                Венчурные инвестиции\n              ', '\n                Управление продуктом\n              ', '\n                Карьера в IT-индустрии\n              ', '\n                Бизнес-модели\n              ']",data\habr/post__300314.txt
144,300316,Видео: конкурс технологических стартапов Danske Ideer 2016,"['singularity university', 'дания', 'образование', 'образование за рубежом', 'образование в it', 'образование в европе', 'стартап-школа', 'стартапы', '\n                Блог компании Zero to Hero\n              ', '\n                Учебный процесс в IT\n              ', '\n                Образование за рубежом\n              ']",data\habr/post__300316.txt
145,300318,Аудиомания #3: Краткий обзор ecommerce-материалов,"['аудиомания', 'электронная коммерция', 'ecommerce', '\n                Блог компании Аудиомания\n              ', '\n                Управление проектами\n              ', '\n                Управление e-commerce\n              ', '\n                Управление продуктом\n              ', '\n                Управление продажами\n              ']",data\habr/post__300318.txt
146,300320,Как умные люди задают вопросы,"['вопросы', 'карьера', 'работа', 'резюме', 'поиск работы', 'выстраивание карьеры', '\n                Блог компании icanchoose.ru\n              ', '\n                Управление медиа\n              ', '\n                Брендинг\n              ']",data\habr/post__300320.txt
147,300322,Что нужно знать рекламодателю перед переходом в программатик?,"['advertizing', 'byyd', 'mobile', 'programmatic', 'мобильная реклама', 'советы', '\n                Блог компании BYYD\n              ', '\n                Медийная реклама\n              ', '\n                Поисковая оптимизация\n              ']",data\habr/post__300322.txt
148,300324,Baidu Video привлек $155 млн инвестиций от фондов и Baidu,"['baidu', 'baidu video', 'инвестиции', 'венчурные инвестиции', '\n                Венчурные инвестиции\n              ']",data\habr/post__300324.txt
149,300326,Сооснователь Facebook и Napster Шон Паркер перезапустил сервис Airtime на iOS и Android,"['шон паркер', 'airtime', 'стартапы', '\n                Развитие стартапа\n              ']",data\habr/post__300326.txt
150,300328,Microsoft и Google отказались от исков против друг друга,"['google', 'microsoft', 'судебные разбирательства', 'судебные иски', 'патенты', '\n                Патентование\n              ']",data\habr/post__300328.txt
151,300330,Важные годы. Определяющее десятилетие от 20 до 30 лет,"['книги', 'важные годы', 'почитать', 'рост', '\n                Блог компании LiteOrder\n              ', '\n                Читальный зал\n              ']",data\habr/post__300330.txt
152,300332,Тренинг «Управление требованиями в Agile проектах»,"['Agile', 'ScrumTrek', '\n                Блог компании ScrumTrek\n              ', '\n                Agile\n              ', '\n                Управление продуктом\n              ']",data\habr/post__300332.txt
153,300334,Пароли и явки: в соответствии с новым законом СМИ впервые отчитались об иностранном финансировании,"['закон о сми', 'российский рынок', 'издательский бизнес', 'медийный рынок', '\n                Законодательство в IT\n              ']",data\habr/post__300334.txt
154,300338,Бизнес-персона: Ларри Пейдж — от создания крупнейшего поисковика до разработки беспилотных автомобилей,"['ларри пейдж', 'google', 'alphabet', 'бизнес-персона', '\n                Карьера в IT-индустрии\n              ']",data\habr/post__300338.txt
155,300340,Кадровые перестановки в крупнейших ИТ- и медиакомпаниях России и мира на этой неделе,"['кадры', 'компании', 'увольнения', 'сокращение штата', 'кадровые перестановки', 'twitter', 'мегафон', 'intel', 'yota', '\n                Управление персоналом\n              ', '\n                Карьера в IT-индустрии\n              ']",data\habr/post__300340.txt
156,300342,Иллюзия больших данных,"['большие данные', 'big data', 'управление информацией', 'добыча данных', 'интеллект бизнеса', '\n                Исследования и прогнозы в IT\n              ']",data\habr/post__300342.txt
157,300344,Издания не имеют права проверять браузеры пользователей на наличие блокировщиков рекламы в Евросоюзе,"['блокировщики рекламы', 'adblock', 'еврокомиссия', 'законодательство и ит', '\n                Законодательство в IT\n              ']",data\habr/post__300344.txt
158,300346,Лень как признак гениальности. 4 вида лени и нужно ли с ней бороться,"['лень', 'прокрастинация', 'самоанализ', 'мотивация', 'эффективность', '\n                GTD\n              ']",data\habr/post__300346.txt
159,300348,Персональные данные: новые правила в Европейском Союзе,"['персональные данные', 'Европейский Союз', 'регулирование интернета', '\n                Законодательство в IT\n              ']",data\habr/post__300348.txt
160,300350,Любимые административные грабли интернетчика,"['договоры', 'сайтостроение', 'управление разработкой', '\n                Блог компании ФрешДок\n              ', '\n                Управление проектами\n              ', '\n                Управление продажами\n              ', '\n                Патентование\n              ']",data\habr/post__300350.txt
161,300352,5 мифов о позитивном ментальном отношении,"['работа над собой', 'самосовершенствование', 'самоосознанность', 'самоорганизация', 'позитивный настрой', 'позитивное мышление', 'позитив', 'негативные мысли', 'негатив', 'жизненный опыт', 'жизненная мудрость', 'жизненный успех', 'полезные советы', '\n                Блог компании TESTutor\n              ', '\n                GTD\n              ']",data\habr/post__300352.txt
162,300356,"6 типов рекламмы в Facebook, которые помогают привлекать и возвращать клиентов","['facebook', 'ecommerce', 'маркетинг', 'smm (маркетинг в соц.сетях)', 'ямбокс', 'yambox', 'yamboks', '\n                Блог компании Ямбокс\n              ', '\n                Интернет-маркетинг\n              ', '\n                Повышение конверсии\n              ', '\n                Управление медиа\n              ']",data\habr/post__300356.txt
163,300358,Telegram — это революция в медиа,"['telegram', 'телеграм', 'медиа', '\n                Управление медиа\n              ']",data\habr/post__300358.txt
164,300360,Продуктивность для цифровой трансформации,"['HPE ALM', 'продуктивность', '\n                Блог компании Hewlett Packard Enterprise\n              ', '\n                Agile\n              ', '\n                Управление продуктом\n              ']",data\habr/post__300360.txt
165,300362,"Интересные события, произошедшие в выходные","['бизнес-персона', 'ларри пейдж', 'кадровые перестановки', 'финансирование сми', 'звуки космоса', 'безусловный доход', 'CERN', 'tesla supercharger', 'рисование', 'умные часы', 'эволюция', 'findface', 'чемпионат по программированию', 'imagine cup', 'ревизор', 'роскомнадзор', 'магия', 'www', 'изображения из видео', '\n                GTD\n              ']",data\habr/post__300362.txt
166,300364,Best practice проектов автоматизации бизнес-процессов от профессионала. Часть 1,"['консалтинг', 'разработка технического задания', 'оптимизация бизнес-процессов', 'описание бизнес-процессов', 'управление проектом', 'best practice', '\n                Блог компании ГК «Современные технологии управления»\n              ', '\n                Управление проектами\n              ', '\n                Бизнес-модели\n              ']",data\habr/post__300364.txt
167,300368,Миссия невыполнима: Метод планирования с недостижимыми целями,"['wrike', 'okr', 'планирование', 'планирование проектов', 'управление проектами', 'продуктивность', '\n                Блог компании Wrike\n              ', '\n                Управление проектами\n              ', '\n                Agile\n              ', '\n                Управление продуктом\n              ']",data\habr/post__300368.txt
168,300370,Банальные ошибки при обновлении иконки приложения,"['Первый опыт', 'Первые ошибки', '\n                Повышение конверсии\n              ', '\n                Аналитика мобильных приложений\n              ']",data\habr/post__300370.txt
169,300372,Киберспорт принесёт в 2016 году почти $500 млн прибыли,"['киберспорт', 'игровая индустрия', '\n                Монетизация игр\n              ']",data\habr/post__300372.txt
170,300374,Во что превратятся большие данные,"['большие данные', 'big data', 'управление информацией', 'добыча данных', 'интеллект бизнеса', '\n                Исследования и прогнозы в IT\n              ']",data\habr/post__300374.txt
171,300376,Счетная палата признала половину инвестиционных проектов «Роснано» убыточными и требует наказания,"['роснано', 'чубайс', 'инновации', 'российский рынок', 'венчурные инвестиции', 'высокотехнологичные компании', '\n                Венчурные инвестиции\n              ']",data\habr/post__300376.txt
172,300378,Как сегментация пользователей повышает их лояльность к приложениям?,"['byyd', 'mobile', 'programmatic', 'мобильный маркетинг', 'мобильный программатик', 'потребительское поведение', '\n                Блог компании BYYD\n              ', '\n                Повышение конверсии\n              ', '\n                Контент-маркетинг\n              ', '\n                Аналитика мобильных приложений\n              ']",data\habr/post__300378.txt
173,300380,"9 цитат Нельсона Манделы, которые способствуют развитию","['самоосознанность', 'работа над собой', 'саморазвитие', 'самомотивация', 'самоорганизация', 'планирование', 'мотивация', 'планирование путешествий', 'планирование времени', 'время', 'сомнения', 'цитаты', '\n                Блог компании MBA Consult\n              ', '\n                GTD\n              ']",data\habr/post__300380.txt
174,300384,Почему SAP HANA не могла не провалиться или фундаментальная порочность вертикальной интеграции,"['hana', 'sap', 'прогнозы', '\n                Блог компании Ultima\n              ', '\n                Управление продуктом\n              ', '\n                Бизнес-модели\n              ']",data\habr/post__300384.txt
175,300386,8 причин использовать профессиональное решение для биллинга SaaS сервиса,"['биллинговые системы', 'биллинг', 'монетизация веб-сервиса', '\n                Блог компании PricePlan\n              ', '\n                Монетизация IT-систем\n              ', '\n                Монетизация веб-сервисов\n              ']",data\habr/post__300386.txt
176,300388,Как наши клиенты конверсию повышали,"['cashmyvisit', 'callback', 'сервис', 'маркетинг', 'продвижение', 'интернет-маркетинг', 'бизнес', '\n                Блог компании Cashmyvisit\n              ', '\n                Управление продуктом\n              ', '\n                Управление продажами\n              ']",data\habr/post__300388.txt
177,300390,Капитализация Kamcord превысила $100 млн после $10 млн инвестиций от Time Warner,"['Time Warner', 'time warner cable', 'kamcord', 'венчурные инвестиции', '\n                Венчурные инвестиции\n              ']",data\habr/post__300390.txt
178,300392,Конференция ISDEF-2016 в Казани: почему это было круто,"['isdef', 'конференция', 'ит-бизнес', '\n                Я пиарюсь\n              ']",data\habr/post__300392.txt
179,300394,AVO и другие альтернативы роумингу,"['роуминг', 'voip', 'конкуренты', 'стартапы', 'дата-роуминг', '\n                Блог компании AVO\n              ']",data\habr/post__300394.txt
180,300396,Шпаргалка в офис: ключевые метрики для развития SaaS-сервиса и любого онлайн-бизнеса,"['метрики', 'развитие бизнеса', '\n                Блог компании Carrot quest\n              ', '\n                Веб-аналитика\n              ', '\n                Growth Hacking\n              ', '\n                Интернет-маркетинг\n              ']",data\habr/post__300396.txt
181,300398,Nokia хочет выкупить стартап Withings,"['nokia', 'withings', 'alcatel-lucent', 'here', '\n                Финансы в IT\n              ']",data\habr/post__300398.txt
